Name,Degree,Betweenness
dior,1144,0.9515235955027855
ELLEmagazine,194,0.008961519636902665
BritishVogue,170,0.005852728041804695
BoF,135,0.001846243360545958
harpersbazaarus,114,0.0012981027666412322
ELLEUK,124,0.0012402895270560458
wwd,117,0.0010619859241440897
NYTFashion,111,0.0010212204089613986
VogueRunway,112,0.001007957425665758
TeenVogue,111,0.0009164702533002348
